{"cameraMode":{"drawMode":0,"name":"Shaded","section":"Shading Mode"},"sceneLighting":false,"audioPlay":false,"sceneViewState":{"m_AlwaysRefresh":false,"showFog":true,"showSkybox":false,"showFlares":true,"showImageEffects":true,"showParticleSystems":true,"showVisualEffectGraphs":true,"m_FxEnabled":true},"in2DMode":false,"pivot":{"x":-3.159867763519287,"y":2.4311716556549074,"z":0.04001453518867493},"rotation":{"x":-0.033303167670965198,"y":-0.005400076974183321,"z":0.00017992922221310437,"w":-0.9994354844093323},"size":2.613128185272217,"orthographic":false}