{"cameraMode":{"drawMode":0,"name":"Shaded","section":"Shading Mode"},"sceneLighting":true,"audioPlay":false,"sceneViewState":{"m_AlwaysRefresh":false,"showFog":true,"showSkybox":true,"showFlares":true,"showImageEffects":true,"showParticleSystems":true,"showVisualEffectGraphs":true,"m_FxEnabled":true},"in2DMode":false,"pivot":{"x":2.407736301422119,"y":4.96812629699707,"z":1.0445835590362549},"rotation":{"x":0.03264106065034866,"y":0.05154706910252571,"z":0.0016861270414665342,"w":-0.9981393814086914},"size":6.6409783363342289,"orthographic":false}