{"cameraMode":{"drawMode":0,"name":"Shaded","section":"Shading Mode"},"sceneLighting":true,"audioPlay":false,"sceneViewState":{"m_AlwaysRefresh":false,"showFog":true,"showSkybox":true,"showFlares":true,"showImageEffects":true,"showParticleSystems":true,"showVisualEffectGraphs":true,"m_FxEnabled":true},"in2DMode":false,"pivot":{"x":-4.962893962860107,"y":2.7540431022644045,"z":-6.543030261993408},"rotation":{"x":-0.033303167670965198,"y":-0.005400076974183321,"z":0.00017992922221310437,"w":-0.9994354844093323},"size":0.0038990953471511604,"orthographic":false}